repository,label
https://github.com/briantemple/homeworkr,DEV
https://github.com/spring-projects/spring-boot,DEV
https://github.com/facebook/react,DEV
https://github.com/nodegit/nodegit,DEV
https://github.com/scipy/scipy,DEV
https://github.com/spez/RottenTomatoes,HW
https://github.com/m2mtech/calculator-2015,HW
https://github.com/bcaffo/751and2,HW
https://github.com/HPI-SWA-Teaching/SWT16-Project-08,HW
https://github.com/uwhpsc-2016/example-python-homework,HW
https://github.com/DataScienceSpecialization/courses,EDU
https://github.com/githubteacher/intro-november-2015,EDU
https://github.com/alex/what-happens-when,EDU
https://github.com/MostlyAdequate/mostly-adequate-guide,EDU
https://github.com/AllThingsSmitty/jquery-tips-everyone-should-know,EDU
https://github.com/CMSgov/HealthCare.gov-Styleguide,DOCS
https://github.com/github/maturity-model,DOCS
https://github.com/raspberrypi/documentation,DOCS
https://github.com/bundestag/gesetze,DOCS
https://github.com/fsr-itse/docs,DOCS
https://github.com/owncloud/documentation,DOCS
https://github.com/locomotivecms/documentation,DOCS
https://github.com/aurelia/documentation,DOCS
https://github.com/pantheon-systems/documentation,DOCS
https://github.com/IdentityServer/Documentation,DOCS
https://github.com/mautic/documentation,DOCS
https://github.com/cfengine/documentation,DOCS
https://github.com/layerhq/documentation,DOCS
https://github.com/StartApp-SDK/Documentation,DOCS
https://github.com/plotly/documentation,DOCS
https://github.com/orocrm/documentation,DOCS
https://github.com/codership/documentation,DOCS
https://github.com/DataDog/documentation,DOCS
https://github.com/zalando-stups/documentation,DOCS
https://github.com/coala/documentation,DOCS
https://github.com/vapor/documentation,DOCS
https://github.com/cloudControl/documentation,DOCS
https://github.com/BloombergMedia/whatiscode,WEB
https://github.com/JaceRobinson8/jacerobinson8.github.io,WEB
https://github.com/rubymonstas-zurich/rubymonstas-zurich.github.io,WEB
https://github.com/ianli/elbowpatched-boilerplate,WEB
https://github.com/whoisjuan/whoisjuan.github.io,WEB
https://github.com/ericfischer/housing-inventory,DATA
https://github.com/GSA/data,DATA
https://github.com/OpenExoplanetCatalogue/open_exoplanet_catalogue,DATA
https://github.com/Hipo/university-domains-list,DATA
https://github.com/minimaxir/big-list-of-naughty-strings,DATA
https://github.com/cdcepi/zika,DATA
https://github.com/umpirsky/country-list,DATA
https://github.com/mledoze/countries,DATA
https://github.com/cooperhewitt/collection,DATA
https://github.com/artsmia/collection,DATA
https://github.com/tategallery/collection,DATA
https://github.com/ParallelMazen/SaudiNewsNet,DATA
https://github.com/quankiquanki/skytrax-reviews-dataset,DATA
https://github.com/emorisse/FBI-Hate-Crime-Statistics,DATA
https://github.com/fivethirtyeight/uber-tlc-foil-response,DATA
https://github.com/datasets/country-list,DATA
https://github.com/datasets/airport-codes,DATA
https://github.com/datasets/bond-yields-gov-long-term,DATA
https://github.com/datasets/bond-yields-uk-10y,DATA
https://github.com/datasets/bond-yields-us-10y,DATA
https://github.com/datasets/browser-stats,DATA
https://github.com/datasets/cash-surplus-deficit,DATA
https://github.com/datasets/clinical-trials-us,DATA
https://github.com/datasets/co2-emissions,DATA
https://github.com/datasets/co2-fossil-global,DATA
https://github.com/datasets/co2-ppm,DATA
https://github.com/datasets/cofog,DATA
https://github.com/datasets/commodity-prices,DATA
https://github.com/datasets/continent-codes,DATA
https://github.com/datasets/corruption-perceptions-index,DATA
https://github.com/datasets/country-codes,DATA
https://github.com/datasets/country-list,DATA
https://github.com/datasets/cpi,DATA
https://github.com/datasets/cpi-gb,DATA
https://github.com/datasets/cpi-us,DATA
https://github.com/datasets/crime-uk,DATA
https://github.com/datasets/crunchcrawl,DATA
https://github.com/datasets/currency-codes,DATA
https://github.com/datasets/datacatalogs.org,DATA
https://github.com/datasets/datasets.github.com,DATA
https://github.com/datasets/edgar,DATA
https://github.com/datasets/employment-us,DATA
https://github.com/datasets/eu-emissions-trading-system,DATA
https://github.com/datasets/euribor,DATA
https://github.com/datasets/exchange-rates-usd,DATA
https://github.com/datasets/finance-vix,DATA
https://github.com/datasets/gdp,DATA
https://github.com/datasets/gdp-uk,DATA
https://github.com/datasets/gdp-us,DATA
https://github.com/datasets/genome-sequencing-costs,DATA
https://github.com/datasets/geo-boundaries-us-110m,DATA
https://github.com/datasets/geo-boundaries-world-110m,DATA
https://github.com/datasets/geo-countries,DATA
https://github.com/datasets/geo-ne-admin1,DATA
https://github.com/datasets/geo-ne-admin1-us,DATA
https://github.com/datasets/geo-nuts-administrative-boundaries,DATA
https://github.com/datasets/geodata,DATA
https://github.com/datasets/geoip2,DATA
https://github.com/datasets/gini-index,DATA
https://github.com/datasets/glacier-mass-balance,DATA
https://github.com/datasets/global-temp,DATA
https://github.com/datasets/global-temp-anomalies,DATA
https://github.com/datasets/glwd,DATA
https://github.com/datasets/gold-prices,DATA
https://github.com/datasets/house-prices-uk,DATA
https://github.com/datasets/house-prices-us,DATA
https://github.com/datasets/ICC-Incoterms,DATA
https://github.com/datasets/imf-weo,DATA
https://github.com/datasets/IMO-IMDG-Codes,DATA
https://github.com/datasets/inflation,DATA
https://github.com/datasets/investor-flow-of-funds-us,DATA
https://github.com/datasets/ISO-Container-Codes,DATA
https://github.com/datasets/land-matrix,DATA
https://github.com/datasets/language-codes,DATA
https://github.com/datasets/lme-large-marine-ecosystems,DATA
https://github.com/datasets/media-types,DATA
https://github.com/datasets/membership-to-copyright-treaties,DATA
https://github.com/datasets/nasdaq-listings,DATA
https://github.com/datasets/natural-gas-prices,DATA
https://github.com/datasets/nyse-listings,DATA
https://github.com/datasets/oil-prices,DATA
https://github.com/datasets/opented,DATA
https://github.com/datasets/population,DATA
https://github.com/datasets/population-city,DATA
https://github.com/datasets/ppp,DATA
https://github.com/datasets/reference-staging,DATA
https://github.com/datasets/registry,DATA
https://github.com/datasets/s-and-p-500,DATA
https://github.com/datasets/s-and-p-500-companies,DATA
https://github.com/datasets/sea-level-rise,DATA
https://github.com/datasets/smdg-master-terminal-facilities-list,DATA
https://github.com/datasets/top-level-domain-names,DATA
https://github.com/datasets/uk-sic-2007-condensed,DATA
https://github.com/datasets/un-locode,DATA
https://github.com/datasets/unece-package-codes,DATA
https://github.com/datasets/world-cities,DATA
https://github.com/datasets/zopa,DATA
https://github.com/scipy-lectures/scipy-lecture-notes,EDU
https://github.com/jrjohansson/scientific-python-lectures,EDU
https://github.com/2016-spring-csuf-benblazak-cpsc-121/course-materials,EDU
https://github.com/schryer/python_course_material,EDU
https://github.com/krambertech/react-essential-course,EDU
https://github.com/sta426hs2015/material,EDU
https://github.com/uwescience/datasci_course_materials,EDU
https://github.com/sta426hs2016/material,EDU
https://github.com/DataScienceSpecialization/courses,EDU
https://github.com/teachbsd/course,EDU
https://github.com/uwescience/courses,EDU
https://github.com/byorgey/haskell-course,EDU
https://github.com/ddtm/dl-course,EDU
https://github.com/uwescience/courses,EDU
https://github.com/RPISEC/Malware,EDU
https://github.com/open-nsm/course,EDU
https://github.com/ccfd/python_course,EDU
https://github.com/Ableton/ableton.github.io,WEB
https://github.com/adobe/adobe.github.com,WEB
https://github.com/agragregra/agragregra.github.com,WEB
https://github.com/agusmakmun/agusmakmun.github.io,WEB
https://github.com/aisinvon/aisinvon.github.io,WEB
https://github.com/ajaxzip3/ajaxzip3.github.io,WEB
https://github.com/akka/akka.github.com,WEB
https://github.com/alexjlockwood/alexjlockwood.github.io,WEB
https://github.com/alibaba/alibaba.github.com,WEB
https://github.com/aliceui/aliceui.github.io,WEB
https://github.com/AlloyTeam/alloyteam.github.com,WEB
https://github.com/alvinhui/alvinhui.github.io,WEB
https://github.com/amcss/amcss.github.io,WEB
https://github.com/andrewyuan/andrewyuan.github.io,WEB
https://github.com/androidflux/androidflux.github.io,WEB
https://github.com/AngularYii2/angularyii2.github.io,WEB
https://github.com/AnonymousFunction/anonymousfunction.github.com,WEB
https://github.com/ansible/ansible.github.com,WEB
https://github.com/antvis/antvis.github.io,WEB
https://github.com/aralejs/aralejs.github.io,WEB
https://github.com/arquillian/arquillian.github.com,WEB
https://github.com/artsy/artsy.github.io,WEB
https://github.com/ashleygwilliams/ashleygwilliams.github.io,WEB
https://github.com/astropy/astropy.github.com,WEB
https://github.com/atmos/atmos.github.io,WEB
https://github.com/auraphp/auraphp.github.com,WEB
https://github.com/autoprefixer/autoprefixer.github.io,WEB
https://github.com/avalonjs/avalonjs.github.io,WEB
https://github.com/Azeril/azeril.github.io,WEB
https://github.com/Azure/azure.github.io,WEB
https://github.com/babel/babel.github.io,WEB
https://github.com/balanced/balanced.github.com,WEB
https://github.com/bangbangcon/bangbangcon.github.io,WEB
https://github.com/bardcollege/bardcollege.github.io,WEB
https://github.com/begoon/begoon.github.com,WEB
https://github.com/benbalter/benbalter.github.com,WEB
https://github.com/berlinphp/berlinphp.github.com,WEB
https://github.com/BesutKode/BesutKode.github.io,WEB
https://github.com/biopython/biopython.github.io,WEB
https://github.com/bip32/bip32.github.io,WEB
https://github.com/BITDM/bitdm.github.io,WEB
https://github.com/blackberry/blackberry.github.com,WEB
https://github.com/bootflat/bootflat.github.io,WEB
https://github.com/bower/bower.github.io,WEB
https://github.com/brainwallet/brainwallet.github.io,WEB
https://github.com/brooklynjs/brooklynjs.github.io,WEB
https://github.com/BrowserSync/browsersync.github.io,WEB
https://github.com/brunch/brunch.github.io,WEB
https://github.com/butterproject/butterproject.github.io,WEB
https://github.com/byrwiki/byrwiki.github.io,WEB
https://github.com/c4cs/c4cs.github.io,WEB
https://github.com/callumprentice/callumprentice.github.io,WEB
https://github.com/carbonwallet/carbonwallet.github.io,WEB
https://github.com/cdwanze/cdwanze.github.io,WEB
https://github.com/cfgmgmtcamp/cfgmgmtcamp.github.io,WEB
https://github.com/cfpb/cfpb.github.io,WEB
https://github.com/chadev/chadev.github.io,WEB
https://github.com/charliepark/charliepark.github.com,WEB
https://github.com/chemdemo/chemdemo.github.io,WEB
https://github.com/ChrisCummins/chriscummins.github.io,WEB
https://github.com/chrishoca/chrishoca.github.com,WEB
https://github.com/chrisliuqq/chrisliuqq.github.io,WEB
https://github.com/Code52/code52.github.com,WEB
https://github.com/Codeception/codeception.github.com,WEB
https://github.com/codeeu/codeeu.github.io,WEB
https://github.com/codefordc/codefordc.github.com,WEB
https://github.com/codeinthedark/codeinthedark.github.io,WEB
https://github.com/codepiano/codepiano.github.com,WEB
https://github.com/colah/colah.github.io,WEB
https://github.com/coldnight/coldnight.github.com,WEB
https://github.com/collective/collective.github.com,WEB
https://github.com/component/component.github.io,WEB
https://github.com/craftyjs/craftyjs.github.com,WEB
https://github.com/Crazepony/crazepony.github.io,WEB
https://github.com/cs1331/cs1331.github.io,WEB
https://github.com/cs231n/cs231n.github.io,WEB
https://github.com/csswizardry/csswizardry.github.com,WEB
https://github.com/cucumber/cucumber.github.com,WEB
https://github.com/cugos/cugos.github.com,WEB
https://github.com/cwales/cwales.github.com,WEB
https://github.com/cyclejs/cyclejs.github.io,WEB
https://github.com/CymChad/CymChad.github.io,WEB
https://github.com/d3/d3.github.com,WEB
https://github.com/daattali/daattali.github.io,WEB
https://github.com/dashjim/dashjim.github.com,WEB
https://github.com/datamapper/datamapper.github.com,WEB
https://github.com/DataScienceSpecialization/DataScienceSpecialization.github.io,WEB
https://github.com/davidensinger/davidensinger.github.io,WEB
https://github.com/deadlockempire/deadlockempire.github.io,WEB
https://github.com/deanm/deanm.github.com,WEB
https://github.com/defaultnamehere/defaultnamehere.github.io,WEB
https://github.com/DefinitelyTyped/definitelytyped.github.io,WEB
https://github.com/defunkt/defunkt.github.com,WEB
https://github.com/dengyishuo/dengyishuo.github.com,WEB
https://github.com/desenvolvimentoagilcombr/desenvolvimentoagilcombr.github.com,WEB
https://github.com/DesignOpen/designopen.github.io,WEB
https://github.com/devbeers/devbeers.github.io,WEB
https://github.com/dfm/dfm.github.com,WEB
https://github.com/dgrtwo/dgrtwo.github.com,WEB
https://github.com/digiscot/digiscot.github.io,WEB
https://github.com/dirtycow/dirtycow.github.io,WEB
https://github.com/docker/docker.github.io,WEB
https://github.com/domeide/domeide.github.io,WEB
https://github.com/dotfiles/dotfiles.github.com,WEB
https://github.com/dotnet/dotnet.github.io,WEB
https://github.com/dotnetfringe/dotnetfringe.github.io,WEB
https://github.com/DragonBones/dragonbones.github.io,WEB
https://github.com/dreamsky/dreamsky.github.com,WEB
https://github.com/droidsec/droidsec.github.io,WEB
https://github.com/dubbo/dubbo.github.io,WEB
https://github.com/ecomfe/ecomfe.github.io,WEB
https://github.com/editorconfig/editorconfig.github.com,WEB
https://github.com/efcl/efcl.github.io,WEB
https://github.com/emberjs/emberjs.github.com,WEB
https://github.com/ensime/ensime.github.io,WEB
https://github.com/epibook/epibook.github.io,WEB
https://github.com/erjjones/erjjones.github.com,WEB
https://github.com/erkie/erkie.github.com,WEB
https://github.com/es5/es5.github.io,WEB
https://github.com/es6/es6.github.io,WEB
https://github.com/eslint/eslint.github.io,WEB
https://github.com/Esri/esri.github.com,WEB
https://github.com/EZLippi/EZLippi.github.io,WEB
https://github.com/flarum/flarum.github.io,WEB
https://github.com/flot/flot.github.com,WEB
https://github.com/flukeout/flukeout.github.io,WEB
https://github.com/flynngao/flynngao.github.io,WEB
https://github.com/fog/fog.github.com,WEB
https://github.com/fontforge/fontforge.github.io,WEB
https://github.com/FOSSdirectory/FOSSdirectory.github.io,WEB
https://github.com/frontendbabel/frontendbabel.github.com,WEB
https://github.com/FrontendMagazine/FrontendMagazine.github.io,WEB
https://github.com/frozenui/frozenui.github.io,WEB
https://github.com/fsharp/fsharp.github.io,WEB
https://github.com/Gaohaoyang/gaohaoyang.github.io,WEB
https://github.com/gastonstat/gastonstat.github.io,WEB
https://github.com/geon/geon.github.com,WEB
https://github.com/ghosertBlog/ghosertblog.github.com,WEB
https://github.com/git/git.github.io,WEB
https://github.com/golangcookbook/golangcookbook.github.io,WEB
https://github.com/google/google.github.io,WEB
https://github.com/googledrive/googledrive.github.com,WEB
https://github.com/googlemaps/googlemaps.github.io,WEB
https://github.com/GoogleWebComponents/googlewebcomponents.github.io,WEB
https://github.com/gotgit/gotgit.github.com,WEB
https://github.com/graphql/graphql.github.io,WEB
https://github.com/grpc/grpc.github.io,WEB
https://github.com/gss/gss.github.io,WEB
https://github.com/gygy/gygy.github.io,WEB
https://github.com/h5bp/h5bp.github.io,WEB
https://github.com/Hackalist/Hackalist.github.io,WEB
https://github.com/hackdaymanifesto/hackdaymanifesto.github.com,WEB
https://github.com/hacke2/hacke2.github.,WEB
https://github.com/HackInTheNorth/hackinthenorth.github.io,WEB
https://github.com/hadoopecosystemtable/hadoopecosystemtable.github.io,WEB
https://github.com/hammerjs/hammerjs.github.io,WEB
https://github.com/hanami/hanami.github.io,WEB
https://github.com/HangfireIO/HangfireIO.github.io,WEB
https://github.com/hankquinlan/hankquinlan.github.io,WEB
https://github.com/hanzichi/hanzichi.github.io,WEB
https://github.com/haoel/haoel.github.io,WEB
https://github.com/happypeter/happypeter.github.com,WEB
https://github.com/hax/hax.github.com,WEB
https://github.com/helb/helb.github.io,WEB
https://github.com/henkaku/henkaku.github.io,WEB
https://github.com/henryyan/henryyan.github.com,WEB
https://github.com/hexojs/hexojs.github.io,WEB
https://github.com/hollowtree/hollowtree.github.io,WEB
https://github.com/Homebrew/homebrew.github.io,WEB
https://github.com/hongru/hongru.github.com,WEB
https://github.com/HTBox/htbox.github.io,WEB
https://github.com/htmlpreview/htmlpreview.github.com,WEB
https://github.com/http2/http2.github.io,WEB
https://github.com/hubgit/hubgit.github.com,WEB
https://github.com/hubticle/hubticle.github.com,WEB
https://github.com/hugcoday/hugcoday.github.com,WEB
https://github.com/HugoGiraudel/hugogiraudel.github.com,WEB
https://github.com/hull/hull.github.io,WEB
https://github.com/Huxpro/huxpro.github.io,WEB
https://github.com/iamralpht/iamralpht.github.io,WEB
https://github.com/iandevlin/iandevlin.github.io,WEB
https://github.com/ibireme/ibireme.github.com,WEB
https://github.com/IBM/ibm.github.io,WEB
https://github.com/iHavee/iHavee.github.io,WEB
https://github.com/ircv3/ircv3.github.io,WEB
https://github.com/itemslide/itemslide.github.io,WEB
https://github.com/itorr/itorr.github.io,WEB
https://github.com/ixdbelfast/ixdbelfast.github.io,WEB
https://github.com/jackaudio/jackaudio.github.com,WEB
https://github.com/jamesrom/jamesrom.github.io,WEB
https://github.com/jasmine/jasmine.github.io,WEB
https://github.com/jasperproject/jasperproject.github.io,WEB
https://github.com/jayli/jayli.github.com,WEB
https://github.com/jbryer/jbryer.github.com,WEB
https://github.com/jcip/jcip.github.com,WEB
https://github.com/jglovier/jglovier.github.io,WEB
https://github.com/jhipster/jhipster.github.io,WEB
https://github.com/jikeytang/jikeytang.github.io,WEB
https://github.com/JLESC/jlesc.github.io,WEB
https://github.com/jmcglone/jmcglone.github.io,WEB
https://github.com/joearms/joearms.github.com,WEB
https://github.com/josedom24/josedom24.github.io,WEB
https://github.com/joshualande/joshualande.github.io,WEB
https://github.com/jpauli/jpauli.github.io,WEB
https://github.com/jptiancai/jptiancai.github.com,WEB
https://github.com/jsdoc3/jsdoc3.github.com,WEB
https://github.com/jser/jser.github.io,WEB
https://github.com/jsonwebtoken/jsonwebtoken.github.io,WEB
https://github.com/JSRocksHQ/jsrockshq.github.io,WEB
https://github.com/jtleek/jtleek.github.io,WEB
https://github.com/JuliaLang/julialang.github.com,WEB
https://github.com/jupyter/jupyter.github.io,WEB
https://github.com/justjavac/justjavac.github.com,WEB
https://github.com/kaiye/kaiye.github.com,WEB
https://github.com/karpathy/karpathy.github.io,WEB
https://github.com/kejinlu/kejinlu.github.com,WEB
https://github.com/khayrov/khayrov.github.com,WEB
https://github.com/kissyteam/kissyteam.github.com,WEB
https://github.com/kizu/kizu.github.com,WEB
https://github.com/kneath/kneath.github.com,WEB
https://github.com/konmik/konmik.github.io,WEB
https://github.com/koolshare/koolshare.github.io,WEB
https://github.com/kubernetes/kubernetes.github.io,WEB
https://github.com/kuitos/kuitos.github.io,WEB
https://github.com/laraveltherightway/laraveltherightway.github.io,WEB
https://github.com/laruence/laruence.github.com,WEB
https://github.com/lay1010/lay1010.github.io,WEB
https://github.com/libgit2/libgit2.github.com,WEB
https://github.com/limetext/limetext.github.io,WEB
https://github.com/liquibase/liquibase.github.com,WEB
https://github.com/listatelegram/listatelegram.github.io,WEB
https://github.com/litten/litten.github.com,WEB
https://github.com/liufan321/liufan321.github.io,WEB
https://github.com/LiXizhi/lixizhi.github.io,WEB
https://github.com/LMHT/LMHT.github.io,WEB
https://github.com/Lucifier129/Lucifier129.github.io,WEB
https://github.com/luics/luics.github.com,WEB
https://github.com/madewithangular/madewithangular.github.io,WEB
https://github.com/madhur/madhur.github.com,WEB
https://github.com/malsup/malsup.github.com,WEB
https://github.com/manageyp/manageyp.github.com,WEB
https://github.com/manguezal/manguezal.github.com,WEB
https://github.com/maptime/maptime.github.io,WEB
https://github.com/markdown/markdown.github.com,WEB
https://github.com/maxzhang/maxzhang.github.com,WEB
https://github.com/mbleigh/mbleigh.github.com,WEB
https://github.com/mbtaviz/mbtaviz.github.io,WEB
https://github.com/merb/merb.github.com,WEB
https://github.com/Microsoft/microsoft.github.io,WEB
https://github.com/miketricking/miketricking.github.io,WEB
https://github.com/mikolalysenko/mikolalysenko.github.com,WEB
https://github.com/minddust/minddust.github.io,WEB
https://github.com/MiniProfiler/miniprofiler.github.com,WEB
https://github.com/minixalpha/minixalpha.github.io,WEB
https://github.com/MissingMaps/missingmaps.github.io,WEB
https://github.com/ml4a/ml4a.github.io,WEB
https://github.com/mojombo/mojombo.github.io,WEB
https://github.com/MozLNMIIT/mozlnmiit.github.io,WEB
https://github.com/mqtt/mqtt.github.io,WEB
https://github.com/msys2/msys2.github.io,WEB
https://github.com/muan/muan.github.com,WEB
https://github.com/mustache/mustache.github.com,WEB
https://github.com/mvcss/mvcss.github.com,WEB
https://github.com/mzlogin/mzlogin.github.io,WEB
https://github.com/neovim/neovim.github.io,WEB
https://github.com/Netflix/netflix.github.com,WEB
https://github.com/netkiller/netkiller.github.io,WEB
https://github.com/nightscout/nightscout.github.io,WEB
https://github.com/nknetobserver/nknetobserver.github.io,WEB
https://github.com/nltk/nltk.github.com,WEB
https://github.com/nodeschool/nodeschool.github.io,WEB
https://github.com/noflo/noflo.github.io,WEB
https://github.com/nolboo/nolboo.github.io,WEB
https://github.com/nprapps/nprapps.github.com,WEB
https://github.com/nto/nto.github.com,WEB
https://github.com/nuitdebout/nuitdebout.github.io,WEB
https://github.com/OBOFoundry/OBOFoundry.github.io,WEB
https://github.com/octocat/octocat.github.io,WEB
https://github.com/okfn/okfn.github.com,WEB
https://github.com/okta/okta.github.io,WEB
https://github.com/omgmog/omgmog.github.com,WEB
https://github.com/oneops/oneops.github.io,WEB
https://github.com/opencart/opencart.github.io,WEB
https://github.com/openflint/openflint.github.io,WEB
https://github.com/openfootball/openfootball.github.io,WEB
https://github.com/OpenRefine/openrefine.github.com,WEB
https://github.com/openshift/openshift.github.com,WEB
https://github.com/optc/optc.github.io,WEB
https://github.com/orezeni/orezeni.github.com,WEB
https://github.com/otiai10/otiai10.github.io,WEB
https://github.com/outlace/outlace.github.io,WEB
https://github.com/overthecs/overthecs.github.io,WEB
https://github.com/overtrue/overtrue.github.io,WEB
https://github.com/panxw/panxw.github.com,WEB
https://github.com/papyros/papyros.github.io,WEB
https://github.com/pdsullivan/pdsullivan.github.io,WEB
https://github.com/peterroelants/peterroelants.github.io,WEB
https://github.com/phpmentoring/phpmentoring.github.com,WEB
https://github.com/PHPOffice/phpoffice.github.com,WEB
https://github.com/pidcodes/pidcodes.github.com,WEB
https://github.com/pizn/pizn.github.com,WEB
https://github.com/ploeh/ploeh.github.com,WEB
https://github.com/propelorm/propelorm.github.com,WEB
https://github.com/putianxi/putianxi.github.io,WEB
https://github.com/pwnwiki/pwnwiki.github.io,WEB
https://github.com/pybee/pybee.github.io,WEB
https://github.com/pyricau/pyricau.github.com,WEB
https://github.com/pythonclub/pythonclub.github.io,WEB
https://github.com/pythonpune/pythonpune.github.com,WEB
https://github.com/Qabel/qabel.github.io,WEB
https://github.com/qrush/qrush.github.com,WEB
https://github.com/QubesOS/qubesos.github.io,WEB
https://github.com/raft/raft.github.io,WEB
https://github.com/raganwald/raganwald.github.com,WEB
https://github.com/rails/rails.github.com,WEB
https://github.com/railsgirls/railsgirls.github.io,WEB
https://github.com/ramda/ramda.github.io,WEB
https://github.com/rancher/rancher.github.io,WEB
https://github.com/ReactiveX/reactivex.github.io,WEB
https://github.com/resume/resume.github.com,WEB
https://github.com/revel/revel.github.io,WEB
https://github.com/riot/riot.github.io,WEB
https://github.com/robhinds/robhinds.github.io,WEB
https://github.com/robnyman/robnyman.github.com,WEB
https://github.com/rodrigob/rodrigob.github.com,WEB
https://github.com/rogchap/rogchap.github.com,WEB
https://github.com/romkagolovadvayha/romkagolovadvayha.github.io,WEB
https://github.com/ronnyvdbr/ronnyvdbr.github.io,WEB
https://github.com/rsms/rsms.github.com,WEB
https://github.com/rubygarage/rubygarage.github.com,WEB
https://github.com/saberma/saberma.github.com,WEB
https://github.com/sahibinden/sahibinden.github.io,WEB
https://github.com/saiadecasa/saiadecasa.github.io,WEB
https://github.com/SAP/sap.github.com,WEB
https://github.com/scala/scala.github.com,WEB
https://github.com/scalapuzzlers/scalapuzzlers.github.com,WEB
https://github.com/scalaspace/scalaspace.github.io,WEB
https://github.com/schacon/schacon.github.com,WEB
https://github.com/ScottyLabs/scottylabs.github.io,WEB
https://github.com/scp-fs2open/fs2open.github.com,WEB
https://github.com/serverspec/serverspec.github.io,WEB
https://github.com/sfbrigade/sfbrigade.github.io,WEB
https://github.com/SheetJS/SheetJS.github.io,WEB
https://github.com/shijieshangzuimeidenvren/shijieshangzuimeidenvren.github.io,WEB
https://github.com/Shopify/shopify.github.com,WEB
https://github.com/siberiawolf/siberiawolf.github.io,WEB
https://github.com/SickRage/sickrage.github.io,WEB
https://github.com/simongfxu/simongfxu.github.com,WEB
https://github.com/sinatra/sinatra.github.com,WEB
https://github.com/Sirupsen/sirupsen.github.io,WEB
https://github.com/skgtech/skgtech.github.io,WEB
https://github.com/skybet/skybet.github.io,WEB
https://github.com/slicedrop/slicedrop.github.com,WEB
https://github.com/Slimmmo/Slimmmo.github.io,WEB
https://github.com/sparktutorials/sparktutorials.github.io,WEB
https://github.com/spoqa/spoqa.github.com,WEB
https://github.com/sqq5682/sqq5682.github.io,WEB
https://github.com/square/square.github.io,WEB
https://github.com/stemkoski/stemkoski.github.com,WEB
https://github.com/stormzhang/stormzhang.github.com,WEB
https://github.com/stribika/stribika.github.io,WEB
https://github.com/supercollider/supercollider.github.io,WEB
https://github.com/suyan/suyan.github.io,WEB
https://github.com/swannodette/swannodette.github.com,WEB
https://github.com/swanson/swanson.github.com,WEB
https://github.com/SwiftWeekly/swiftweekly.github.io,WEB
https://github.com/sympy/sympy.github.com,WEB
https://github.com/tangqiaoboy/tangqiaoboy.github.com,WEB
https://github.com/technologieplauscherl/technologieplauscherl.github.io,WEB
https://github.com/tekkub/tekkub.github.com,WEB
https://github.com/TencentOpen/tencentopen.github.io,WEB
https://github.com/TestAnything/testanything.github.io,WEB
https://github.com/thephpleague/thephpleague.github.io,WEB
https://github.com/thomasdavis/thomasdavis.github.io,WEB
https://github.com/tianocore/tianocore.github.io,WEB
https://github.com/Ticketmaster/ticketmaster.github.io,WEB
https://github.com/tmallfe/tmallfe.github.io,WEB
https://github.com/toddmotto/toddmotto.github.io,WEB
https://github.com/topcoat/topcoat.github.com,WEB
https://github.com/torch/torch.github.io,WEB
https://github.com/tower/tower.github.io,WEB
https://github.com/trailblazer/trailblazer.github.io,WEB
https://github.com/trek/trek.github.com,WEB
https://github.com/Trimps/Trimps.github.io,WEB
https://github.com/trongthanh/trongthanh.github.com,WEB
https://github.com/tuhdo/tuhdo.github.io,WEB
https://github.com/twitter/twitter.github.com,WEB
https://github.com/typelevel/typelevel.github.com,WEB
https://github.com/typeplate/typeplate.github.io,WEB
https://github.com/UKRSE/UKRSE.github.io,WEB
https://github.com/unila/unila.github.io,WEB
https://github.com/urielhdz/urielhdz.github.com,WEB
https://github.com/urug/urug.github.com,WEB
https://github.com/user2014/user2014.github.io,WEB
https://github.com/uxrecipe/uxrecipe.github.io,WEB
https://github.com/VikramTiwari/vikramtiwari.github.com,WEB
https://github.com/vlandham/vlandham.github.com,WEB
https://github.com/vnpy/vnpy.github.io,WEB
https://github.com/voteamerica/voteamerica.github.io,WEB
https://github.com/w3ctrain/w3ctrain.github.io,WEB
https://github.com/wafflejs/wafflejs.github.io,WEB
https://github.com/wdxtub/wdxtub.github.io,WEB
https://github.com/webcomponents/webcomponents.github.io,WEB
https://github.com/webfrogs/webfrogs.github.com,WEB
https://github.com/WebGLInsights/WebGLInsights.github.io,WEB
https://github.com/WebGLSamples/WebGLSamples.github.io,WEB
https://github.com/webpy/webpy.github.com,WEB
https://github.com/wehrley/wehrley.github.io,WEB
https://github.com/willdurand/willdurand.github.com,WEB
https://github.com/willianjusten/willianjusten.github.io,WEB
https://github.com/WindowsAzure/windowsazure.github.io,WEB
https://github.com/wsgzao/wsgzao.github.io,WEB
https://github.com/xpmethod/xpmethod.github.io,WEB
https://github.com/xulingbo/xulingbo.github.io,WEB
https://github.com/yanhaijing/yanhaijing.github.com,WEB
https://github.com/Yelp/yelp.github.io,WEB
https://github.com/yeoman/yeoman.github.io,WEB
https://github.com/yihui/yihui.github.com,WEB
https://github.com/yourfirstpr/yourfirstpr.github.io,WEB
https://github.com/zfsonlinux/zfsonlinux.github.com,WEB
https://github.com/Zhu8/zhu8.github.io,WEB
https://github.com/zippera/zippera.github.io,WEB
https://github.com/zptcsoft/zptcsoft.github.io,WEB
https://github.com/zswang/zswang.github.git,WEB
https://github.com/csweeney285/ColumbiaDataStructureHW1,HW
https://github.com/yeison/vision-hw1,HW
https://github.com/macmillian/cs193p-winter-2015,HW
https://github.com/DipankerSingh/CodingBlocks,HW
https://github.com/perryzheng/coursera_machine_learning,HW
https://github.com/mzahor/proglang-course,HW
https://github.com/lidorkahalani/HomeWorkProject,HW
https://github.com/Mixolyde/ty_ruby,HW
https://github.com/zgotsch/spring-haskell-club,HW
https://github.com/tutorhelpdesk/Online-Assignment-Help,HW
https://github.com/allanlazarovici/upenn_cis194_solutions,HW
https://github.com/ammarhusain/comp-vision-homeworks,HW
https://github.com/Y-LyN-10/FMI-WebGL-Course-2015,HW
https://github.com/Mixolyde/trainswitch,HW
https://github.com/cgag/cis-194-solutions,HW
https://github.com/nazargulov/Conways-Game-of-Life,HW
https://github.com/meebert/Dynamic-Programming-EggDrop,HW
https://github.com/jaegyoo/module2-solution,HW
https://github.com/xmunoz/spatialstats,HW
https://github.com/yenshih/CIS194,HW
https://github.com/jonathanebetts/MIT-Opencourseware-6.00,HW
https://github.com/jingyin/carnd-p1,HW
https://github.com/blogscot/CIS194-Homework,HW
https://github.com/kmcdon10/DataStructures1-Java,HW
https://github.com/adamacosta/OMSCS-6250-Examples,HW
https://github.com/abevoelker/haskell-yorgey-cis194,HW
https://github.com/anaechavarria/CS520_HW1,HW
https://github.com/damontallen/Concrete-Solution,HW
https://github.com/allanlazarovici/stanford_cs224d_solutions,HW
https://github.com/pif/mlclass-2011,HW
https://github.com/allanlazarovici/stanford_cs231n_solutions,HW
https://github.com/mobjohnson/bewd_ta_prep,HW
https://github.com/Avisto/cs193p,HW
https://github.com/carloswilsonperez/angularjs-course,HW
https://github.com/BoyarinovKonstantin/DNNCodingAssignment,HW
https://github.com/NickyMateev/FMI-Functional-Programming,HW
https://github.com/myhomeworkhelp/Accounts-Assignment-Help,HW
https://github.com/kientn123/college-fall-2014,HW
https://github.com/schonherz-java-ee-2016-q4/homework,HW
https://github.com/cultofgeek/SimpleBlogPage,HW
https://github.com/Amr116/e-conomic,HW
https://github.com/amharc/homework,HW
https://github.com/allanlazarovici/coursera_neural_networks_solutions,HW
https://github.com/petroav/6.828,HW
https://github.com/stevenvar/CIS194-upenn-Haskell,HW
https://github.com/ryanRATM/CS1,HW
https://github.com/JanBussieck/Machine-Learning-Algorithms-in-R,HW
https://github.com/jgibson02/VoronoiLab,HW
https://github.com/vinimoraesrc/cs3101-2,HW
https://github.com/domspad/coursera_ml_hw,HW
https://github.com/spinor29/MachLearn_course,HW
https://github.com/allanlazarovici/coursera_pgm_solutions,HW
https://github.com/lpavel/ECE579C-Applied-Crypto-and-Physical-Attacks,HW
https://github.com/pokemon4e/JavaScriptFundamentals,HW
https://github.com/allanlazarovici/coursera_scala_part_1_solutions,HW
https://github.com/hoxiea/ay250_sp2012,HW
https://github.com/pokemon4e/JavaHomework,HW
https://github.com/theironyard-rails-atl/jamesdabbs,HW